event_id,hypocenter_longitude,hypocenter_latitude,event_country,event_subdivision,event_name,comcat_id,event_type_id,datetime,time_zone,hypocenter_reported_depth,hypocenter_reported_depth_datum,epicenter_elevation,hypocenter_depth,magnitude,magnitude_type,magnitude_uncertainty_Kagan_model,magnitude_uncertainty_statistical,magnitude_sample_size,magnitude_uncertainty_study_class,strike,dip,rake,mechanism_based_on_Rake,slip_rate,seismic_moment,p_plunge,p_trend,t_plunge,t_trend,coseismic_surface_rupture,basis_for_surface_rupture,extensional_regime,extensional_regime_name,synchronous_event
2116,-56.008,44.539,Canada,,GrandBanks_1929-11-18,iscgem908394,7,1929-11-18T20:32:01+00:00,UTC,,,0,15,7.24667,Mw,,,,,122,74,140,3,,910000000000000058820919296,,,,,,,0,,
2117,-79.07,46.78,Canada,QuÃ©bec,Temiskaming_1935-11-01,iscgem904623,7,1935-11-01T06:03:34+00:00,UTC,,,0.282,,6.20667,Mw,,,,,130,45,80,2,,22999999999999998003511296,,,,,,,0,,
2118,-74.723,44.958,United States of America,New York,CornwallMassena_1944-09-05,iscgem899531,7,1944-09-05T04:38:36+00:00,UTC,,,0.061,,5.78667,Mw,,,,,313,70,52,3,,5199999999999999698010112,,,,,,,0,,
2119,-71.184,48.117,Canada,QuÃ©bec,Saguenay_1988-11-25,usp0003p6p,7,1988-11-25T23:46:05+00:00,UTC,,,0.464,29,5.84667,Mw,,,,,320,65,78,2,,6610000000000000012582912,,,,,,,0,,
2120,-70.292,47.536,Canada,QuÃ©bec,LaMalbaie_1997-08-20,usp00086gb,7,1997-08-20T09:12:00+00:00,UTC,,,0.63,7.5,3.27,Mw,,,,,,,,,,,,,,,,,0,,
2121,-69.905,47.672,Canada,,LaMalbaie_1997-10-28,usp00089qj,7,1997-10-28T11:44:19+00:00,UTC,,,0,5,4.29237,Mw,,,,,27,66,111,2,,30800000000000000000000,,,,,,,0,,
2122,-71.424,46.801,Canada,QuÃ©bec,CapRouge_1997-11-06,usp0008a5s,7,1997-11-06T02:34:34+00:00,UTC,,,0.073,,4.45109,Mw,,,,,44,57,79,2,,46799999999999995805696,,,,,,,0,,
2123,-66.344,49.615,Canada,,CoteNord_1999-03-16,usp00094m8,7,1999-03-16T12:50:48+00:00,UTC,,,0,,4.42685,Mw,,,,,219,42,117,2,,49799999999999997902848,,,,,,,0,,
2124,-78.925,46.84,Canada,QuÃ©bec,Kipawa_2000-01-01,usp0009kks,7,2000-01-01T11:22:58+00:00,UTC,,,0.306,,4.61666,Mw,,,,,320,49,114,2,,92899999999999998951424,,,,,,,0,,
2125,-69.803,47.673,Canada,,LaMalbaie_2000-06-15,usp0009un1,7,2000-06-15T09:25:56+00:00,UTC,,,0,11.4,3.29,Mw,,,,,,,,,,,,,,,,,0,,
2126,-71.078,47.551,Canada,QuÃ©bec,Laurentide_2000-07-12,usp0009wbu,7,2000-07-12T15:01:49+00:00,UTC,,,1.032,18,3.65,Mw,,,,,289,47,70,2,,,,,,,,,0,,
2127,-71.064,47.562,Canada,QuÃ©bec,Laurentide_2000-07-12A,usp0009wbu,7,2000-07-12T15:06:35+00:00,UTC,,,0.899,18,3.11,Mw,,,,,,,,,,,,,,,,,0,,
2128,-80.796,41.872,United States of America,Ohio,Ashtabula_2001-01-26,usp000a8dr,5,2001-01-26T03:03:22+00:00,UTC,,,0.199,3.75,3.84669,Mw,,,,,5,79,156,0,,7500000000000000000000,,,,,,,0,,
2129,-92.194,35.205,United States of America,Arkansas,Enola_2001-05-04,nm604823,7,2001-05-04T06:42:12+00:00,UTC,,,0.108,,4.37,Mw,,,,,20,85,-165,0,,,,,,,,,0,,
2130,-73.699,44.513,United States of America,New York,AuSableForks_2002-04-20,ld2002042001,7,2002-04-20T10:50:48+00:00,UTC,,,0.524,,4.99005,Mw,,,,,166,47,96,2,,,,,,,,,0,,
2131,-74.354,52.85,Canada,QuÃ©bec,LacLaratelle_2002-06-05,,7,2002-06-05T20:17:37+00:00,UTC,,,0.388,,3.81125,Mw,,,,,145,55,65,2,,3630000000000000000000,,,,,,,0,,
2132,-87.795,37.983,United States of America,Indiana,Caborn_2002-06-18,nm605053,7,2002-06-18T17:37:15+00:00,UTC,,,0.132,,4.55482,Mw,,,,,125,90,10,0,,68400000000000004194304,,,,,,,0,,
2133,-98.896,42.768,United States of America,Nebraska,Boyd_2002-11-03,usp000bg0f,7,2002-11-03T20:41:57+00:00,UTC,,,0.564,,4.18,Mw,,,,,90,50,-110,1,,,,,,,,,0,,
2134,-79.936,32.404,United States of America,,Charleston_2002-11-11,usp000bhft,7,2002-11-11T23:39:30+00:00,UTC,,,0,,4.03,Mw,,,,,350,40,90,2,,,,,,,,,0,,
2135,-85.629,34.494,United States of America,Alabama,FtPayne_2003-04-29,se605341,7,2003-04-29T08:59:39+00:00,UTC,,,0.487,,4.62,Mw,,,,,184,85,165,0,,,,,,,,,0,,
2136,-89.92,35.94,United States of America,Arkansas,Blytheville_2003-04-30,nm605172,7,2003-04-30T04:56:22+00:00,UTC,,,0.077,23,3.6,Mw,,,,,,,,,,,,,,,,,0,,
2137,-88.98,36.87,United States of America,Kentucky,Bardwell_2003-06-06,nm605194,7,2003-06-06T12:29:34+00:00,UTC,,,0.122,,4.04631,Mw,,,,,165,85,15,0,,,,,,,,,0,,
2138,-70.087,47.703,Canada,QuÃ©bec,LaMalbaie_2003-06-13,usp000bzsc,7,2003-06-13T11:34:39+00:00,UTC,,,0.448,,3.52826,Mw,,,,,80,70,60,2,,1290000000000000000000,,,,,,,0,,
2139,-76.362,47.005,Canada,QuÃ©bec,BarkLake_2003-10-12,usp000ca7b,7,2003-10-12T08:26:08+00:00,UTC,,,0.367,18,3.82,Mw,,,,,,,,,,,,,,,,,0,,
2140,-78.1,37.774,United States of America,Virginia,Jefferson_2003-12-09,se605386,7,2003-12-09T20:59:14+00:00,UTC,,,0.091,,4.24774,Mw,,,,,66,34,141,3,,26400000000000000000000,,,,,,,0,,
2141,-99.532,25.172,Mexico,Nuevo LeÃ³n,StTeresa_2004-04-06,usp000crva,7,2004-04-06T19:01:03+00:00,UTC,,,0.284,37,4.31,Mw,,,,,,,,,,,,,,,,,0,,
2142,-70.667,47.938,Canada,QuÃ©bec,LaBaie_2004-05-04,,7,2004-05-04T15:41:00+00:00,UTC,,,0.694,22,2.87,Mw,,,,,,,,,,,,,,,,,0,,
2143,-88.937,41.435,United States of America,Illinois,PrairieCntr_2004-06-28,usp000cz1k,7,2004-06-28T06:10:52+00:00,UTC,,,0.193,,4.18347,Mw,,,,,20,90,-165,0,,,,,,,,,0,,
2144,-78.232,43.672,Canada,Ontario,PortHope_2004-08-04,ld2004080400,7,2004-08-04T23:55:27+00:00,UTC,,,0.075,,3.11852,Mw,,,,,106,77,32,3,,,,,,,,,0,,
2145,-90.233,35.748,United States of America,Arkansas,MilliganRdg_2005-02-10,nm605688,7,2005-02-10T14:04:54+00:00,UTC,,,0.07,,4.14,Mw,,,,,55,80,-165,0,,,,,,,,,0,,
2146,-69.7321,47.7528,Canada,,RiviereDuLoup_2005-03-06,usp000dhn5,7,2005-03-06T06:17:49+00:00,UTC,,,0,13.3,4.65327,Mw,,,,,170,60,80,2,,90199999999999993708544,,,,,,,0,,
2147,-90.15,35.83,United States of America,Arkansas,ShadyGrove_2005-05-01,nm605742,7,2005-05-01T12:37:32+00:00,UTC,,,0.07,,4.25,Mw,,,,,215,73,148,3,,,,,,,,,0,,
2148,-89.46,36.14,United States of America,Tennessee,Miston_2005-06-02,nm605762,7,2005-06-02T11:35:11+00:00,UTC,,,0.082,,4.01,Mw,,,,,165,85,45,3,,,,,,,,,0,,
2149,-75.23,45.652,Canada,QuÃ©bec,Thurso_2006-02-25,ld2006022500,7,2006-02-25T01:39:00+00:00,UTC,,,0.253,,3.7026,Mw,,,,,145,50,85,2,,3390000000000000000000,,,,,,,0,,
2150,-74.706,45.547,Canada,Ontario,Hawkesbury_2006-02-26,ld2006022600,7,2006-02-26T04:09:22+00:00,UTC,,,0.064,18,2.59,Mw,,,,,,,,,,,,,,,,,0,,
2151,-70.4769,47.3748,Canada,,BaieStPaul_2006-04-07,usp000edwa,7,2006-04-07T08:31:40+00:00,UTC,,,0,,3.72,Mw,,,,,15,55,85,2,,5070000000000000524288,,,,,,,0,,
2152,-89.5,36.27,United States of America,Tennessee,Ridgely_2006-09-07,nm606109,7,2006-09-07T13:51:13+00:00,UTC,,,0.085,7,3.35,Mw,,,,,,,,,,,,,,,,,0,,
2153,-86.606,26.319,United States of America,,GulfMexico_2006-09-10,usp000esv9,7,2006-09-10T14:56:08+00:00,UTC,,,0,14,5.85,Mw,,,,,28,117,,,,,,,,,,,0,,
2154,-68.1453,44.3453,United States of America,,Acadia_2006-10-03,ld2006100300,7,2006-10-03T00:07:38+00:00,UTC,,,0,,3.86994,Mw,,,,,340,35,85,2,,7160000000000000000000,,,,,,,0,,
2155,-89.64,36.54,United States of America,Missouri,Marston_2006-10-18,nm606143,7,2006-10-18T20:59:21+00:00,UTC,,,0.085,8.2,3.41,Mw,,,,,,,,,,,,,,,,,0,,
2156,-81.92,37.2,United States of America,Virginia,Marvin_2006-11-02,usp000ewg9,7,2006-11-02T17:53:02+00:00,UTC,,,0.673,1,4,Mw,,,,,,,,,,,,,,,,,0,,
2157,-81.975,37.157,United States of America,Virginia,Skeggs_2006-11-23,usp000eym9,7,2006-11-23T10:42:57+00:00,UTC,,,0.6,0,4,Mw,,,,,,,,,,,,,,,,,0,,
2158,-78.166,43.707,Canada,Ontario,Cobourg_2007-07-19,ld2007071900,7,2007-07-19T17:07:00+00:00,UTC,,,0.075,5,2.8,Mw,,,,,,,,,,,,,,,,,0,,
2159,-70.312,47.382,Canada,,BaieStPaul_2008-01-03,usp000fvwe,7,2008-01-03T09:37:55+00:00,UTC,,,0,13.5,2.77,Mw,,,,,,,,,,,,,,,,,0,,
2160,-87.89,38.45,United States of America,Illinois,MtCarmel_2008-04-18,nm606657,7,2008-04-18T09:36:59+00:00,UTC,,,0.122,,5.30153,Mw,,,,,295,85,0,0,,881000000000000056623104,,,,,,,0,,
2161,-87.89,38.48,United States of America,Illinois,MtCarmel_2008-04-18a,nm606669,7,2008-04-18T15:14:16+00:00,UTC,,,0.137,,4.64469,Mw,,,,,135,90,-10,0,,104000000000000000000000,,,,,,,0,,
2162,-87.824,38.473,United States of America,Illinois,MtCarmel_2008-04-21,nm606680,7,2008-04-21T05:38:29+00:00,UTC,,,0.137,,4.03358,Mw,,,,,300,85,5,0,,12600000000000000000000,,,,,,,0,,
2163,-87.87,38.45,United States of America,Illinois,MtCarmel_2008-04-25,nm606695,7,2008-04-25T17:31:00+00:00,UTC,,,0.137,,3.75356,Mw,,,,,295,80,5,0,,4790000000000000524288,,,,,,,0,,
2164,-75.375,45.629,Canada,QuÃ©bec,Buckingham_2008-06-11,ld2008061100,7,2008-06-11T04:36:34+00:00,UTC,,,0.174,18,2.97,Mw,,,,,,,,,,,,,,,,,0,,
2165,-69.735,47.739,Canada,,RiviereDuLoup_2008-11-15,usp000gnrd,7,2008-11-15T10:52:54+00:00,UTC,,,0,,3.57161,Mw,,,,,175,55,70,2,,2850000000000000000000,,,,,,,0,,
2166,-80.187,33.072,United States of America,South Carolina,PineForest_2008-12-16,se606895,7,2008-12-16T12:42:17+00:00,UTC,,,0.022,15.8,3.16,Mw,,,,,,,,,,,,,,,,,0,,
2167,-80.172,33.015,United States of America,South Carolina,RoseHill_2009-01-29,se607119,7,2009-01-29T21:11:27+00:00,UTC,,,0.015,5.6,2.774,Mw,,,,,,,,,,,,,,,,,0,,
2168,-80.16,33.03,United States of America,South Carolina,Palmetto_2009-05-06,se607148,7,2009-05-06T17:07:17+00:00,UTC,,,0.023,5.1,2.184,Mw,,,,,,,,,,,,,,,,,0,,
2169,-75.964,45.479,Canada,QuÃ©bec,ConstanceBay_2009-05-08,ld2009050800,7,2009-05-08T19:47:01+00:00,UTC,,,0.059,26.1,2.574,Mw,,,,,,,,,,,,,,,,,0,,
2170,-97.258,35.592,United States of America,Oklahoma,Jones_2010-01-15,usp000h65q,5,2010-01-15T15:18:26+00:00,UTC,,,0.335,,3.84328,Mw,,,,,145,90,25,0,,6529999999999999475712,,,,,,,0,,
2171,-96.752,35.553,United States of America,Oklahoma,Lincoln_2010-02-27,usp000h81j,5,2010-02-27T22:22:00+00:00,UTC,,,0.259,,4.18286,Mw,,,,,40,80,-160,0,,21100000000000001048576,,,,,,,0,,
2172,-89.357,36.788,United States of America,Missouri,Whiting_2010-03-02,nm607272,7,2010-03-02T19:37:00+00:00,UTC,,,0.094,,3.40356,Mw,,,,,305,45,5,0,,1430000000000000000000,,,,,,,0,,
2173,-89.833,38.609,United States of America,Illinois,Lebanon_2010-05-21,nm607331,7,2010-05-21T01:54:19+00:00,UTC,,,0.136,20.8,2.6216,Mw,,,,,,,,,,,,,,,,,0,,
2174,-75.497,45.904,Canada,QuÃ©bec,ValDesBois_2010-06-23,ld2010062300,7,2010-06-23T17:41:42+00:00,UTC,,,0.436,,5.09533,Mw,,,,,145,60,80,2,,457000000000000006291456,,,,,,,0,,
2175,-71.665,46.584,Canada,QuÃ©bec,StFlavien_2010-07-23,ld60004916,7,2010-07-23T17:24:21+00:00,UTC,,,0.092,19.5,3.51447,Mw,,,,,337,39,52,3,,2100000000000000000000,,,,,,,0,,
2176,70.23,23.42,India,Gujarat,Buhj_2001-01-26,usp000a8ds,7,2001-01-26T03:14:40+00:00,UTC,,,0.002,16,7.6,Mw,,,,,64,60,,,,,,,,,,,0,,
2177,-75.591,46.474,Canada,QuÃ©bec,MontLaurier_1990-10-19,usp0004fxg,7,1990-10-19T07:01:57+00:00,UTC,,,0.254,,4.47069,Mw,,,,,276,70,85,2,,55000000000000002097152,,,,,,,0,,
2178,-77.252,39.167,United States of America,Maryland,Montgomery_2010-07-16,ld2010071600,7,2010-07-16T04:04:47+00:00,UTC,,,0.124,,3.42313,Mw,,,,,325,45,50,3,,1530000000000000000000,,,,,,,0,,
2179,63.462,40.465,Uzbekistan,Bukhoro,Gazli_1976-05-17,usp0000gcj,7,1976-05-17T02:58:41+00:00,UTC,,,0.171,18.2,6.8,Mw,,,,,267,58,90,2,,177999999999999991644946432,,,,,,,0,,
2180,-97.309,35.202,United States of America,Oklahoma,Slaughterville_2010-10-13,usp000hn24,5,2010-10-13T14:06:30+00:00,UTC,,,0.333,,4.36366,Mw,,,,,120,80,5,0,,39399999999999997902848,,,,,,,0,,
2181,-92.322,35.276,United States of America,Arkansas,Guy_2010-10-15,nm607646,5,2010-10-15T10:20:18+00:00,UTC,,,0.213,,3.8634,Mw,,,,,120,80,-5,0,,7000000000000000000000,,,,,,,0,,
2182,-71.657,43.291,United States of America,New Hampshire,Concord_2010-09-26,ld60009101,7,2010-09-26T03:28:10+00:00,UTC,,,0.151,3.4,3.0488,Mw,,,,,,,,,,,,,,,,,0,,
2183,-124.261,62.248,Canada,Northwest Territories,Nahanni_1985-11-09,usp0002mk0,7,1985-11-09T04:46:47+00:00,UTC,,,0.718,10,4.4,Mw,,,,,,,,,,,,,,,,,0,,
2184,-124.243,62.187,Canada,Northwest Territories,Nahanni_1985-12-23,usp0002p9m,7,1985-12-23T05:16:07+00:00,UTC,,,0.944,,6.76,Mw,,,,,160,25,90,2,,154999999999999997936402432,,,,,,,0,,
2185,-124.377,62.14,Canada,Northwest Territories,Nahanni_1985-12-23a,usp0002p9p,7,1985-12-23T05:48:49+00:00,UTC,,,0.774,6,5.1,Mw,,,,,,,,,,,,,,,,,0,,
2186,-124.183,62.018,Canada,Northwest Territories,Nahanni_1985-12-25,usp0002pdk,7,1985-12-25T15:42:42+00:00,UTC,,,1.018,,5.14667,Mw,,,,,0,76,-13,0,,,,,,,,,0,,
2187,-97.246,35.627,United States of America,Oklahoma,Arcadia_2010-11-24,usp000hq2d,5,2010-11-24T22:48:29+00:00,UTC,,,0.309,,3.96346,Mw,,,,,100,90,0,0,,9889999999999999475712,,,,,,,0,,
2188,-96.995,35.392,United States of America,Oklahoma,BethelAcres_2010-12-12,usp000hqtz,5,2010-12-12T01:07:55+00:00,UTC,,,0.343,,3.23321,Mw,,,,,315,80,-5,0,,794000000000000000000,,,,,,,0,,
2189,-85.888,40.427,United States of America,Indiana,Greentown_2010-12-30,usp000hsa5,7,2010-12-30T12:55:21+00:00,UTC,,,0.258,,3.8533,Mw,,,,,305,65,10,0,,6760000000000000000000,,,,,,,0,,
2190,-92.317,35.316,United States of America,Arkansas,Guy_2010-11-20,nm607899,5,2010-11-20T19:06:35+00:00,UTC,,,0.213,,3.9035,Mw,,,,,285,80,0,0,,8040000000000000000000,,,,,,,0,,
2191,-92.361,35.276,United States of America,Arkansas,Greenbrier_2011-02-17,nm608368,5,2011-02-17T10:49:48+00:00,UTC,,,0.189,,3.83335,Mw,,,,,115,85,20,0,,6310000000000000524288,,,,,,,0,,
2192,-92.37,35.257,United States of America,Arkansas,Greenbrier_2011-02-18,nm608392,5,2011-02-18T04:59:50+00:00,UTC,,,0.152,,3.91342,Mw,,,,,295,65,10,0,,8320000000000000000000,,,,,,,0,,
2193,-92.377,35.271,United States of America,Arkansas,Greenbrier_2011-02-18a,nm608397,5,2011-02-18T08:13:35+00:00,UTC,,,0.213,,4.10275,Mw,,,,,290,70,10,0,,16000000000000000000000,,,,,,,0,,
2194,-92.34,35.265,United States of America,Arkansas,Greenbrier_2011-02-28,nm608509,5,2011-02-28T05:00:50+00:00,UTC,,,0.127,,4.6837,Mw,,,,,295,80,-5,0,,118999999999999993708544,,,,,,,0,,
2195,-90.933,38.121,United States of America,Missouri,Sullivan_2011-06-07,nm608924,7,2011-06-07T08:10:34+00:00,UTC,,,0.274,,3.89324,Mw,,,,,100,83,25,0,,7760000000000000000000,,,,,,,0,,
2196,-68.6807,46.9247,United States of America,Maine,EagleLake_2006-07-14,ld2006071400,7,2006-07-14T09:34:49+00:00,UTC,,,0.213,,3.45984,Mw,,,,,170,25,45,3,,1860000000000000000000,,,,,,,0,,
2197,-75.518,45.871,Canada,QuÃ©bec,ValDesBois_2010-06-24,usp000hegd,7,2010-06-24T23:49:08+00:00,UTC,,,0.433,16.7,2.574,Mw,,,,,,,,,,,,,,,,,0,,
2198,-75.469,45.859,Canada,QuÃ©bec,ValDesBois_2010-07-22,ld60001303,7,2010-07-22T19:42:54+00:00,UTC,,,0.346,19.9,2.374,Mw,,,,,,,,,,,,,,,,,0,,
2199,-74.553,45.581,Canada,Ontario,Hawkesbury_2011-03-16,ld60013616,7,2011-03-16T17:36:55+00:00,UTC,,,0.066,,3.59133,Mw,,,,,320,75,75,2,,1880000000000000000000,,,,,,,0,,
2200,-69.92,47.654,Canada,,Charlevoix_2001-05-22,,7,2001-05-22T00:33:29+00:00,UTC,,,0,11.4,3.6,Mw,,,,,,,,,,,,,,,,,0,,
2201,-70.514,47.332,Canada,,BaieStPaul_2002-08-17,usp000ba20,7,2002-08-17T05:53:54+00:00,UTC,,,0,13.3,3.24,Mw,,,,,,,,,,,,,,,,,0,,
2202,-77.975,37.905,United States of America,Virginia,Mineral_2011-08-23,se609212,7,2011-08-23T17:51:04+00:00,UTC,,,0.091,8,5.73801,Mw,,,,,29,51,113,2,,3759999999999999765118976,,,,,,,0,,
2203,-77.896,37.94,United States of America,Virginia,Mineral_2011-08-25,se609218,7,2011-08-25T05:07:50+00:00,UTC,,,0.121,,3.9724,Mw,,,,,140,60,80,2,,10200000000000000000000,,,,,,,0,,
2204,-96.703,35.57,United States of America,Oklahoma,Sparks_2011-11-05,usp000jac0,5,2011-11-05T07:12:45+00:00,UTC,,,0.274,,4.73281,Mw,,,,,300,80,-10,0,,140999999999999997902848,,,,,,,0,,
2205,-96.747,35.537,United States of America,Oklahoma,Sparks_2011-11-06,usp000jadn,5,2011-11-06T03:53:10+00:00,UTC,,,0.257,,5.67681,Mw,,,,,145,85,-5,0,,3050000000000000029360128,,,,,,,0,,
2206,-98.15,28.81,United States of America,Texas,Comal_2011-10-20,usp000j9kx,5,2011-10-20T12:24:40+00:00,UTC,,,0.141,,4.71342,Mw,,,,,245,45,-75,1,,96599999999999993708544,,,,,,,0,,
2207,-66.57,47,Canada,New Brunswick,Miramichi_1982-03-31,usp0001kfx,7,1982-03-31T21:02:20+00:00,UTC,,,0.365,6,4.46268,Mw,,,,,195,50,120,3,,112000000000000000000000,,,,,,,0,,
2208,-66.6,47,Canada,New Brunswick,Miramichi_1982-05-06,usp0001m4m,7,1982-05-06T16:28:07+00:00,UTC,,,0.393,6,3.54509,Mw,,,,,195,50,120,3,,1800000000000000000000,,,,,,,0,,
2209,-71.2,48.13,Canada,QuÃ©bec,Saguenay_1988-11-23,usp0003p46,7,1988-11-23T09:11:27+00:00,UTC,,,0.486,28,4.19495,Mw,,,,,0,45,90,2,,22000000000000000000000,,,,,,,0,,
2210,-71.3,48.14,Canada,QuÃ©bec,Saguenay_1988-11-26,usp0003p6y,7,1988-11-26T03:38:08+00:00,UTC,,,0.619,30,3.52828,Mw,,,,,340,45,90,2,,2200000000000000000000,,,,,,,0,,
2250,-69.84,47.76,Canada,,Charlevoix_1925-03-01,iscgem910394,7,1925-03-01T02:19:28+00:00,UTC,,,0,10,6.43333,Mw,,,,,42,53,105,2,,30999999999999997869293568,,,,,,,0,,
2251,-97.3863,35.6073,United States of America,Oklahoma,"8 km SW of Arcadia, Oklahoma",,5,2013-12-07T18:10:24+00:00,UTC,,,0.334,8.44,4.5,Mw,,,,,182,85,172,0,,160999999999999989514240,10,2,137,227,,,0,,
2252,-80.68433,41.1215,United States of America,Ohio,"3 km NW of Youngstown, Ohio",,5,2011-12-31T20:05:01+00:00,UTC,,,0.266,5,3.7,Mw,,,,,270,85,-10,0,,4310000000000000000000,11,225,4,316,,,0,,
2253,-76.35333,45.75683,Canada,QuÃ©bec,"20 km NNE of Shawville, Canada",ld60040526,7,2013-05-17T13:43:24+00:00,UTC,,,0.204,13,4.7,Mw,,,,,338,46,101,2,,152000000000000016777216,82,1,324,60,,,0,,
2254,-90.543,36.90767,United States of America,Missouri,"7 km S of Williamsville, Missouri",nm60363582,7,2021-11-18T02:53:03+00:00,UTC,,,0.182,16.46,4,Mw,,,,,27,65,-170,0,,14400000000000000000000,24,247,11,342,,,0,,
2255,-105.242,44.109,United States of America,Wyoming,Wyoming,rusms00005218,7,2012-05-01T17:11:16+00:00,UTC,,,1.402,0,4.184,Mw,,,,,162,55,-90,1,,,,,,,,,0,,
2256,-82.092,33.81667,United States of America,South Carolina,"12 km ENE of Parksville, South Carolina",se610610,7,2014-02-15T03:23:38+00:00,UTC,,,0.107,5.18,4.1,Mw,,,,,9,46,126,3,,18099999999999998951424,5,255,64,355,,,0,,
2257,-84.732,35.61233,United States of America,Tennessee,"12 km NNE of Decatur, Tennessee",se60247871,7,2018-12-12T09:14:43+00:00,UTC,,,0.299,7.87,4.4,Mw,,,,,179,72,-161,0,,57300000000000003145728,26,41,0,131,,,0,,
2258,-81.0865,36.47433,United States of America,North Carolina,"4 km SE of Sparta, North Carolina",se60324281,7,2020-08-09T12:07:37+00:00,UTC,,,0.823,4.14,5.1,Mw,,,,,136,33,75,2,,804000000000000025165824,75,13,271,57,,,0,,
2259,-103.71918,32.07125,United States of America,New Mexico,"37 km ESE of Malaga, New Mexico",tx2021oalq,7,2021-07-19T11:23:25+00:00,UTC,,,0.998,7.8283,3.8,Mw,,,,,61,52,-89,1,,6569999999999999475712,82,338,7,150,,,0,,
2260,-103.97071,31.61478,United States of America,Texas,"36 km WSW of Mentone, Texas",tx2022ihbu,7,2022-04-28T17:08:58+00:00,UTC,,,1.005,8.8052,3.684,Mw,,,,,327,40,-39,4,,9900000000000001048576,56,315,15,202,,,0,,
2261,-75.4325,39.1977,United States of America,Delaware,"3 km NNE of Little Creek, Delaware",us1000bjkn,7,2017-11-30T21:47:31+00:00,UTC,,,0.001,9.87,4.1,Mw,,,,,355,55,146,3,,20300000000000001048576,4,229,47,323,,,0,,
2262,-104.8631,37.2734,United States of America,Colorado,"15 km N of Weston, Colorado",,5,2017-12-30T23:46:11+00:00,UTC,,,2.374,4,4,Mw,,,,,60,55,-70,1,,14300000000000001048576,72,20,8,136,,,0,,
2263,-73.0097,37.2318,United States of America,,"220 km SE of Ocean City, Maryland",us2000j4bf,7,2019-01-15T23:30:48+00:00,UTC,,,0,10,4.6,Mw,,,,,142,69,92,2,,92700000000000001048576,24,231,66,55,,,0,,
2264,-83.298,48.425,Canada,Ontario,"119 km ENE of Wawa, Canada",us2013lvad,7,2013-02-19T04:59:44+00:00,UTC,,,0.358,8,3.174,Mw,,,,,260,55,-90,1,,,,,,,,,0,,
2265,-101.6747,50.6268,Canada,Saskatchewan,"25 km S of Langenburg, Canada",us6000f419,7,2021-08-11T04:34:30+00:00,UTC,,,0.488,10,3.374,Mw,,,,,309,89,0,0,,,,,,,,,0,,
2266,-59.2565,54.9665,Canada,Newfoundland and Labrador,"197 km NNE of Happy Valley-Goose Bay, Canada",us7000ca9d,7,2020-11-04T09:35:21+00:00,UTC,,,0.304,10,3.774,Mw,,,,,139,55,-90,1,,,,,,,,,0,,
2267,-59.1974,54.9387,Canada,Newfoundland and Labrador,"196 km NNE of Happy Valley-Goose Bay, Canada",us7000ccim,7,2020-11-04T06:52:16+00:00,UTC,,,0.249,10,3.674,Mw,,,,,268,40,90,2,,,,,,,,,0,,
2268,-104.9365,36.7422,United States of America,New Mexico,"25 km N of Cimarron, New Mexico",,5,2021-11-01T03:09:15+00:00,UTC,,,2.316,5.36,4,Mw,,,,,319,46,-126,4,,10700000000000001048576,65,155,4,254,,,0,,
2269,-97.5717,36.1176,United States of America,Oklahoma,"6 km SE of Marshall, Oklahoma",,5,2015-04-04T13:21:17+00:00,UTC,,,0.306,5.047,4.1,Mw,,,,,267,36,-88,1,,18600000000000000000000,81,349,9,176,,,0,,
2270,-98.9535,37.4294,United States of America,Kansas,"6 km NNW of Sun City, Kansas",us10002bup,7,2015-05-23T18:44:28+00:00,UTC,,,0.548,5,4,Mw,,,,,263,37,-107,1,,13000000000000000000000,76,54,10,186,,,0,,
2271,-97.523,36.285,United States of America,Oklahoma,"6 km ESE of Covington, Oklahoma",us10002jrl,7,2015-06-17T19:17:08+00:00,UTC,,,0.356,6.008,4.3,Mw,,,,,277,83,-167,0,,33500000000000001048576,13,92,4,1,,,0,,
2272,-97.3865,35.7392,United States of America,Oklahoma,"9 km NW of Arcadia, Oklahoma",,5,2015-06-20T05:10:54+00:00,UTC,,,0.365,3,4,Mw,,,,,222,52,-167,0,,12600000000000000000000,34,76,18,178,,,0,,
2273,-97.9311,36.7187,United States of America,Oklahoma,"12 km ENE of Nash, Oklahoma",us10003mnu,7,2015-10-10T09:20:43+00:00,UTC,,,0.327,5.629,4.4,Mw,,,,,87,43,-83,1,,46599999999999997902848,84,111,3,352,,,0,,
2274,-97.8552,36.9528,United States of America,Oklahoma,"9 km NE of Wakita, Oklahoma",us10003vin,7,2015-11-07T11:11:53+00:00,UTC,,,0.357,5,4.1,Mw,,,,,215,48,-138,4,,16499999999999998951424,56,57,7,157,,,0,,
2275,-98.7549,36.4696,United States of America,Oklahoma,"16 km SE of Waynoka, Oklahoma",us10003yhc,7,2015-11-15T09:45:31+00:00,UTC,,,0.425,5.109,4.3,Mw,,,,,36,85,-167,0,,37699999999999998951424,13,261,6,170,,,0,,
2276,-98.4594,36.6602,United States of America,Oklahoma,"4 km SW of Lambert, Oklahoma",us10003zgz,7,2015-11-19T07:42:12+00:00,UTC,,,0.41,5.914,4.7,Mw,,,,,299,89,12,0,,220999999999999997902848,9,8,165,74,,,0,,
2277,-97.8276,36.9483,United States of America,Oklahoma,"11 km NE of Wakita, Oklahoma",us10003zyc,7,2015-11-20T22:40:40+00:00,UTC,,,0.357,5,4.1,Mw,,,,,82,54,-73,1,,16400000000000000000000,74,41,8,160,,,0,,
2278,-97.4054,35.6654,United States of America,Oklahoma,"6 km ENE of Edmond, Oklahoma",,5,2015-12-29T11:39:19+00:00,UTC,,,0.34,6.532,4.3,Mw,,,,,215,85,173,0,,38799999999999995805696,2,261,8,171,,,0,,
2279,-97.4065,35.6688,United States of America,Oklahoma,"6 km ENE of Edmond, Oklahoma",,5,2016-01-01T11:39:39+00:00,UTC,,,0.335,5.825,4.2,Mw,,,,,213,77,165,0,,27100000000000001048576,1,260,20,170,,,0,,
2280,-98.7319,36.4885,United States of America,Oklahoma,"16 km SE of Waynoka, Oklahoma",us10004bpl,7,2016-01-06T06:19:25+00:00,UTC,,,0.448,9.409,3.76069,Mw,,,,,207,55,-90,1,,,,,,,,,0,,
2281,-98.7254,36.4955,United States of America,Oklahoma,"16 km SE of Waynoka, Oklahoma",us10004bz5,7,2016-01-07T04:27:57+00:00,UTC,,,0.455,4.058,4.7,Mw,,,,,222,86,172,0,,186999999999999985319936,8,3,177,267,,,0,,
2282,-98.7342,36.4754,United States of America,Oklahoma,"17 km SE of Waynoka, Oklahoma",us10004c1m,7,2016-01-07T08:37:11+00:00,UTC,,,0.441,6.647,4.4,Mw,,,,,48,81,-160,0,,53699999999999998951424,21,273,7,180,,,0,,
2283,-98.4096,36.2761,United States of America,Oklahoma,Oklahoma,us10004fbz,7,2016-01-18T12:55:56+00:00,UTC,,,0.377,8.309,3.74519,Mw,,,,,78,89,0,0,,,,,,,,,0,,
2284,-96.9291,36.4251,United States of America,Oklahoma,"14 km NW of Pawnee, Oklahoma",us10006jxs,7,2016-09-03T12:02:44+00:00,UTC,,,0.274,5.557,5.8,Mw,,,,,17,89,-173,0,,5209999999999999928696832,4,5,152,242,,,0,,
2285,-104.9277,36.7571,United States of America,New Mexico,"27 km N of Cimarron, New Mexico",,5,2016-12-23T19:31:12+00:00,UTC,,,2.316,3.55,4.2,Mw,,,,,155,32,-78,1,,28700000000000001048576,75,210,14,56,,,0,,
2286,-85.4285,42.2357,United States of America,Michigan,"5 km S of Galesburg, Michigan",us20002avh,7,2015-05-02T16:23:07+00:00,UTC,,,0.264,4.48,4.2,Mw,,,,,122,78,-1,0,,21400000000000002097152,9,78,8,347,,,0,,
2287,-97.1006,32.4817,United States of America,Texas,"5 km N of Venus, Texas",,5,2015-05-07T22:58:05+00:00,UTC,,,0.183,2.54,4,Mw,,,,,22,45,-114,1,,14099999999999998951424,73,211,2,308,,,0,,
2288,-97.5217,36.286,United States of America,Oklahoma,"6 km WNW of Lucien, Oklahoma",us20002prt,7,2015-06-14T18:17:09+00:00,UTC,,,0.356,6.278,4,Mw,,,,,219,84,174,0,,11900000000000001048576,0,265,9,175,,,0,,
2289,-98.2593,36.842,United States of America,Oklahoma,"7 km SSE of Byron, Oklahoma",us20002yq7,7,2015-07-20T20:19:03+00:00,UTC,,,0.354,4.079,4.4,Mw,,,,,264,65,-82,1,,52000000000000000000000,69,189,20,348,,,0,,
2290,-96.7997,35.9931,United States of America,Oklahoma,"3 km WNW of Cushing, Oklahoma",,5,2015-09-18T12:35:16+00:00,UTC,,,0.274,0.208,4.1,Mw,,,,,240,87,-160,0,,18000000000000000000000,16,106,12,13,,,0,,
2291,-96.7872,35.987,United States of America,Oklahoma,"1 km W of Cushing, Oklahoma",,5,2015-09-25T01:16:37+00:00,UTC,,,0.304,2.893,4,Mw,,,,,59,73,-168,0,,10700000000000001048576,20,282,3,13,,,0,,
2292,-98.709,36.4898,United States of America,Oklahoma,"18 km SE of Waynoka, Oklahoma",us20004zy8,7,2016-02-13T17:07:06+00:00,UTC,,,0.445,8.31,5.1,Mw,,,,,313,81,-2,0,,653000000000000031457280,5,8,178,268,,,0,,
2293,-98.7392,36.4812,United States of America,Oklahoma,"16 km SE of Waynoka, Oklahoma",us20004zyf,7,2016-02-13T17:17:39+00:00,UTC,,,0.441,5,3.81273,Mw,,,,,43,88,-171,0,,,,,,,,,0,,
2294,-97.5773,35.99,United States of America,Oklahoma,"4 km NNE of Crescent, Oklahoma",,5,2016-03-29T04:53:01+00:00,UTC,,,0.329,5.183,4.2,Mw,,,,,189,71,-173,0,,24099999999999998951424,18,51,9,144,,,0,,
2295,-97.1741,35.6619,United States of America,Oklahoma,"1 km E of Luther, Oklahoma",,5,2016-04-07T22:27:30+00:00,UTC,,,0.304,6.106,3.93786,Mw,,,,,205,89,0,0,,,,,,,,,0,,
2296,-97.5138,36.2841,United States of America,Oklahoma,"5 km W of Lucien, Oklahoma",us20006fas,7,2016-07-17T04:17:58+00:00,UTC,,,0.358,4.787,4.2,Mw,,,,,234,89,173,0,,23900000000000001048576,4,279,5,189,,,0,,
2297,-98.7758,36.4493,United States of America,Oklahoma,"17 km SSE of Waynoka, Oklahoma",us20007g02,7,2016-10-21T20:26:00+00:00,UTC,,,0.412,7.081,4,Mw,,,,,312,85,8,0,,11100000000000001048576,2,86,9,177,,,0,,
2298,-59.8639,54.7058,Canada,Newfoundland and Labrador,"158 km N of Happy Valley-Goose Bay, Canada",us60007nlx,7,2020-02-03T17:58:50+00:00,UTC,,,0.039,10.58,3.674,Mw,,,,,200,40,90,2,,,,,,,,,0,,
2299,-81.4564,41.6797,United States of America,Ohio,"1 km NW of Timberlake, Ohio",us70003xny,7,2019-06-10T14:50:45+00:00,UTC,,,0.174,2,3.7,Mw,,,,,181,62,157,0,,4940000000000000000000,5,50,35,144,,,0,,
2300,-97.8011,36.8311,United States of America,Oklahoma,"6 km WNW of Medford, Oklahoma",us100032ei,7,2015-08-14T21:25:40+00:00,UTC,,,0.335,0.091,4.1,Mw,,,,,35,64,-162,0,,15500000000000001048576,30,254,6,347,,,0,,
2301,-80.6418,23.2406,Cuba,,"29 km NNW of Corralillo, Cuba",us100032ny,7,2015-08-16T11:47:46+00:00,UTC,,,0,14.14,5,Mw,,,,,315,55,-90,1,,,,,,,,,0,,
2302,-98.2762,36.8382,United States of America,Oklahoma,"7 km SSE of Byron, Oklahoma",us100040je,7,2015-11-23T21:17:46+00:00,UTC,,,0.35,5.028,4.4,Mw,,,,,235,65,-97,1,,45099999999999996854272,69,131,20,330,,,0,,
2303,-98.7606,36.4703,United States of America,Oklahoma,"16 km SE of Waynoka, Oklahoma",us100044cf,7,2015-12-06T01:01:41+00:00,UTC,,,0.425,6.126,4,Mw,,,,,36,85,-159,0,,11299999999999998951424,18,262,10,168,,,0,,
2304,-97.3318,35.953,United States of America,Oklahoma,"6 km W of Langston, Oklahoma",,5,2015-04-19T05:27:14+00:00,UTC,,,0.304,3.16,4.2,Mw,,,,,209,79,-161,0,,23600000000000000000000,22,73,5,341,,,0,,
2305,-97.3256,35.918,United States of America,Oklahoma,"7 km WSW of Langston, Oklahoma",,5,2015-04-27T22:22:17+00:00,UTC,,,0.337,5.279,4.1,Mw,,,,,113,79,-22,0,,17699999999999998951424,23,69,7,162,,,0,,
2306,-97.5717,35.9889,United States of America,Oklahoma,"4 km NNE of Crescent, Oklahoma",,5,2015-07-27T18:12:15+00:00,UTC,,,0.32,5,4.5,Mw,,,,,281,89,1,0,,217000000000000006291456,1,1,146,56,,,0,,
2307,-97.5813,35.9909,United States of America,Oklahoma,"4 km NNE of Crescent, Oklahoma",,5,2015-07-28T01:18:27+00:00,UTC,,,0.329,5.253,4.1,Mw,,,,,97,78,-25,0,,17600000000000000000000,26,53,9,147,,,0,,
2308,-101.8313,50.6841,Canada,Saskatchewan,"18 km ENE of Esterhazy, Canada",us600055rx,7,2019-08-16T02:30:46+00:00,UTC,,,0.49,5,3.374,Mw,,,,,268,55,-90,1,,,,,,,,,0,,
2309,-98.2691,36.8393,United States of America,Oklahoma,"7 km SSE of Byron, Oklahoma",us1000413f,7,2015-11-25T00:43:50+00:00,UTC,,,0.353,4.864,3.75513,Mw,,,,,65,55,-90,1,,,,,,,,,0,,
2310,-98.7459,36.4749,United States of America,Oklahoma,"17 km SE of Waynoka, OK",us1000621p,7,2016-07-08T22:29:38+00:00,UTC,,,0.428,6.356,4.2,Mw,,,,,45,75,-168,0,,21600000000000000000000,19,268,2,359,,,0,,
2311,-97.4191,35.8192,United States of America,Oklahoma,"6 km S of Guthrie, Oklahoma",,5,2015-04-08T20:52:00+00:00,UTC,,,0.311,2.487,4,Mw,,,,,33,80,-170,0,,14099999999999998951424,14,257,0,347,,,0,,
2312,-98.7387,36.4765,United States of America,Oklahoma,"17 km SE of Waynoka, Oklahoma",us10006215,7,2016-07-08T21:31:57+00:00,UTC,,,0.441,7.315,4.2,Mw,,,,,45,76,-164,0,,28300000000000001048576,21,268,2,178,,,0,,
2313,-98.7584,36.4638,United States of America,Oklahoma,"17 km SE of Waynoka, Oklahoma",us10006249,7,2016-07-09T02:04:27+00:00,UTC,,,0.416,7.242,4.4,Mw,,,,,315,74,-13,0,,46300000000000001048576,20,272,2,181,,,0,,
2314,-97.089,35.686,United States of America,Oklahoma,Oklahoma,,5,2013-04-16T06:56:29+00:00,UTC,,,0.259,6.2,4.4,Mw,,,,,237,55,-168,0,,57699999999999998951424,32,93,17,194,,,0,,
2315,-97.098,35.681,United States of America,Oklahoma,"3 km WSW of Wellston, Oklahoma",,5,2013-04-16T10:16:53+00:00,UTC,,,0.274,7,4.2,Mw,,,,,144,65,-12,0,,23800000000000002097152,25,104,9,10,,,0,,
2316,-94.4279,31.9095,United States of America,Texas,"3 km WNW of Timpson, Texas",,5,2013-09-02T23:51:15+00:00,UTC,,,0.121,4.69,4.3,Mw,,,,,323,66,7,0,,32400000000000000000000,12,279,22,184,,,0,,
2317,-65.9147,49.7668,Canada,,"53 km SSE of Maliotenam, Canada",usb000jx58,7,2013-09-21T14:48:26+00:00,UTC,,,0,18,4.2,Mw,,,,,325,76,23,0,,22800000000000000000000,6,96,25,188,,,0,,
2318,-80.6891,23.1972,Cuba,Matanzas,"26 km NNW of Corralillo, Cuba",usb000m7eg,7,2014-01-10T02:25:30+00:00,UTC,,,0.001,13.57,3.784,Mw,,,,,189,89,0,0,,,,,,,,,0,,
2319,-97.321,35.8637,United States of America,Oklahoma,"7 km WNW of Meridian, Oklahoma",,5,2014-07-12T17:11:46+00:00,UTC,,,0.335,4.047,4,Mw,,,,,38,87,-154,0,,14000000000000000000000,21,266,16,169,,,0,,
2320,-98.0453,36.7561,United States of America,Oklahoma,"9 km E of Nescatunga, Oklahoma",usb000ry6y,7,2014-07-29T02:46:36+00:00,UTC,,,0.339,5.287,4.3,Mw,,,,,227,71,-149,4,,31399999999999997902848,35,90,7,355,,,0,,
2321,-97.4677,35.7727,United States of America,Oklahoma,"12 km SSW of Guthrie, Oklahoma",,5,2014-08-19T12:41:35+00:00,UTC,,,0.334,4.51,4.4,Mw,,,,,301,77,-7,0,,42800000000000004194304,14,257,4,166,,,0,,
2322,-97.5535,36.2237,United States of America,Oklahoma,"9 km SSE of Covington, Oklahoma",usb000sh86,7,2014-09-30T03:01:25+00:00,UTC,,,0.334,2.2,4,Mw,,,,,211,71,-173,0,,13900000000000001048576,18,74,8,167,,,0,,
2323,-97.9553,37.2447,United States of America,Kansas,"7 km SW of Danville, Kansas",usb000si7g,7,2014-10-02T18:01:24+00:00,UTC,,,0.42,5,4.3,Mw,,,,,248,43,-100,1,,34400000000000000000000,83,55,2,165,,,0,,
2324,-96.7642,35.9474,United States of America,Oklahoma,"4 km S of Cushing, Oklahoma",,5,2014-10-07T16:51:13+00:00,UTC,,,0.276,5.28,4,Mw,,,,,7,86,175,0,,10800000000000000000000,1,52,6,322,,,0,,
2325,-96.7594,35.9466,United States of America,Oklahoma,"4 km S of Cushing, Oklahoma",,5,2014-10-10T13:51:21+00:00,UTC,,,0.276,5,4.2,Mw,,,,,10,86,-180,0,,24700000000000001048576,3,235,3,325,,,0,,
2326,-97.6068,36.6028,United States of America,Oklahoma,"6 km NE of Hunter, Oklahoma",usb000t1de,7,2014-11-30T10:24:44+00:00,UTC,,,0.334,5.684,4,Mw,,,,,342,88,-13,0,,12099999999999998951424,11,296,8,28,,,0,,
2327,-97.2643,36.2618,United States of America,Oklahoma,"3 km SE of Perry, Oklahoma",usb000tike,7,2015-01-27T11:31:09+00:00,UTC,,,0.363,3.408,4.2,Mw,,,,,194,87,178,0,,26000000000000000000000,0,59,3,149,,,0,,
2328,-97.7124,36.6288,United States of America,Oklahoma,"8 km NNW of Hunter, Oklahoma",usb000tilr,7,2015-01-27T15:58:40+00:00,UTC,,,0.326,5,4,Mw,,,,,153,89,-23,0,,10700000000000001048576,17,105,15,200,,,0,,
2329,-97.292,35.893,United States of America,Oklahoma,"6 km SSW of Langston, Oklahoma",,5,2014-02-09T02:16:02+00:00,UTC,,,0.327,5,4.1,Mw,,,,,212,73,-158,0,,18899999999999998951424,27,75,3,343,,,0,,
2330,-99.1288,25.4287,Mexico,Nuevo LeÃ³n,"31 km SSE of China, Mexico",usc000n4cr,7,2014-02-11T04:14:49+00:00,UTC,,,0.152,40.6,3.90131,Mw,,,,,325,89,0,0,,,,,,,,,0,,
2331,-99.58,25.463,Mexico,Nuevo LeÃ³n,"18 km E of Pueblo Nuevo, Mexico",usc000ngag,7,2014-03-18T23:41:58+00:00,UTC,,,0.21,1,4.1,Mw,,,,,337,56,-83,1,,15500000000000001048576,78,272,10,62,,,0,,
2332,-97.6291,36.1309,United States of America,Oklahoma,"2 km S of Marshall, Oklahoma",,5,2014-03-30T06:51:56+00:00,UTC,,,0.312,4.831,4.2,Mw,,,,,306,82,-17,0,,26300000000000001048576,18,262,6,354,,,0,,
2333,-97.6398,36.1255,United States of America,Oklahoma,"3 km SSW of Marshall, Oklahoma",,5,2014-03-30T14:09:59+00:00,UTC,,,0.308,3.903,4.1,Mw,,,,,306,75,-24,0,,17100000000000001048576,27,262,5,355,,,0,,
2334,-99.447,25.512,Mexico,Nuevo LeÃ³n,"27 km SE of Los Ramones, Mexico",usc000nz6j,7,2014-03-04T11:03:54+00:00,UTC,,,0.176,5,3.917,Mw,,,,,209,40,90,2,,,,,,,,,0,,
2335,-97.4826,35.7745,United States of America,Oklahoma,"12 km SE of Cedar Valley, Oklahoma",,5,2014-04-10T07:33:57+00:00,UTC,,,0.319,7.04,4,Mw,,,,,304,77,1,0,,12000000000000000000000,8,259,10,168,,,0,,
2336,-97.3969,35.5935,United States of America,Oklahoma,"7 km NNE of Lake Aluma, Oklahoma",,5,2014-06-16T10:47:35+00:00,UTC,,,0.319,5,4.3,Mw,,,,,284,70,-23,0,,38499999999999998951424,30,243,1,334,,,0,,
2337,-97.3924,35.5956,United States of America,Oklahoma,"7 km NE of Lake Aluma, Oklahoma",,5,2014-06-18T10:53:02+00:00,UTC,,,0.319,5,4.1,Mw,,,,,114,82,21,0,,20999999999999997902848,9,246,20,339,,,0,,
2338,-97.6206,37.2713,United States of America,Kansas,"4 km ENE of Milan, Kansas",usc000swru,7,2014-11-12T21:40:00+00:00,UTC,,,0.375,4.03,4.9,Mw,,,,,293,86,-7,0,,380999999999999997902848,2,8,339,248,,,0,,
2339,-96.7553,36.3187,United States of America,Oklahoma,"4 km ESE of Pawnee, Oklahoma",usc000t6mn,7,2014-12-14T21:18:20+00:00,UTC,,,0.275,4.679,4,Mw,,,,,57,65,-139,4,,12300000000000001048576,46,277,7,179,,,0,,
2340,-66.7949,49.4297,Canada,,"37 km NNW of Cap-Chat, Canada",usc000tgdg,7,2015-01-16T13:05:28+00:00,UTC,,,0,18,3.674,Mw,,,,,3,89,0,0,,,,,,,,,0,,
2341,-97.7016,36.8479,United States of America,Oklahoma,"5 km NNE of Medford, Oklahoma",usc000tj7a,7,2015-01-26T19:30:44+00:00,UTC,,,0.351,6.863,3.93786,Mw,,,,,99,55,-90,1,,,,,,,,,0,,
2342,-98.2915,36.8147,United States of America,Oklahoma,"8 km NE of Cherokee, Oklahoma",usc000tmeb,7,2015-02-05T15:08:40+00:00,UTC,,,0.351,4.381,4.2,Mw,,,,,285,78,-23,0,,28999999999999997902848,25,241,7,334,,,0,,
2343,-96.788,35.531,United States of America,Oklahoma,"9 km SSE of Sparks, Oklahoma",,5,2011-11-08T02:46:57+00:00,UTC,,,0.304,5,4.8,Mw,,,,,359,84,164,0,,457000000000000006291456,15,7,314,46,,,0,,
2344,-103.415,43.043,United States of America,South Dakota,South Dakota,usp000jav8,7,2011-11-14T06:51:38+00:00,UTC,,,1.104,5,3.484,Mw,,,,,291,40,90,2,,,,,,,,,0,,
2345,-101.809,50.804,Canada,Saskatchewan,"8 km SW of Langenburg, Canada",usp000je8j,7,2012-02-01T08:26:31+00:00,UTC,,,0.518,1,3.074,Mw,,,,,180,40,90,2,,,,,,,,,0,,
2346,-95.875,34.635,United States of America,Oklahoma,"8 km SSW of Pittsburg, Oklahoma",,5,2012-04-03T07:34:00+00:00,UTC,,,0.244,5,3.784,Mw,,,,,74,55,-90,1,,,,,,,,,0,,
2347,-65.762,41.927,United States of America,,"207 km S of Shelburne, Canada",usp000jhq9,7,2012-04-12T02:29:39+00:00,UTC,,,0,18,4.19014,Mw,,,,,234,89,0,0,,,,,,,,,0,,
2348,-94.369,31.926,United States of America,Texas,"3 km NE of Timpson, Texas",,5,2012-05-17T08:12:00+00:00,UTC,,,0.111,5,4.8,Mw,,,,,61,65,-175,0,,259000000000000002097152,14,21,18,282,,,0,,
2349,-70.049,47.785,Canada,QuÃ©bec,"14 km WSW of Saint-SimÃ©on, Canada",usp000jww2,7,2012-12-12T17:46:06+00:00,UTC,,,0.665,5.3,3.774,Mw,,,,,237,40,90,2,,,,,,,,,0,,
2350,-70.049,47.81,Canada,QuÃ©bec,"13 km WSW of Saint-SimÃ©on, Canada",usp000k1wx,7,2013-07-11T20:16:07+00:00,UTC,,,0.474,14.9,3.374,Mw,,,,,357,40,90,2,,,,,,,,,0,,
2486,15.711,40.857,Italy,Potenza,"Campano Lucano (aftershock 11), Italy",,1,1980-11-26T15:56:00+00:00,UTC,,,0.589,,0,,,,,,24.4751,40,90,2,,,,,,,,,0,,
2530,0,0,Italy,,"Umbria Marche (aftershock 9), Italy",,1,1997-10-12T20:15:00+00:00,UTC,10,Earth Model (ground surface),0,10,4,ML,,,,,,,,,,11200000000000000000000,,,,,,,0,,
2722,21.6534,36.2906,Greece,,"51 km S of Methoni, Greece",usp000fzug,1,2008-02-24T10:51:20+00:00,UTC,12,WGS84 Geoid (mean sea level),0,12,4.4,Mw,,,,,112.176,55,-90,1,,,,,,,,,0,,
3007,22.2139,38.4316,Greece,StereÃ¡ EllÃ¡da,"11 km S of Lidoriki, Greece",usp00049du,6,1990-05-17T08:44:05+00:00,UTC,39,WGS84 Geoid (mean sea level),0.526,39.526,4.9,Mw,,,,,112.672,90,0,0,,,,,,,,,1,Greece Extensional Regimes,
3580,-74.76,40.696,United States of America,New Jersey,"2024 Tewksbury, New Jersey Earthquake",us7000ma74,7,2024-04-05T14:23:23+00:00,UTC,2.6,,0.184,2.6,4.74,Mw,,,,,112,53,19,0,,145000000000000006291456,18,237,43,345,,,0,,
